group,model,test_accuracy,test_precision,test_recall,test_f1
RandomOverSampler,LR,0.6399026763990268,0.4204227812718379,0.5284552845528455,0.467966833171861
RandomOverSampler,GB,0.6374695863746959,0.4038560370660278,0.43089430894308944,0.4162225705329154
RandomOverSampler,SVM,0.6374695863746959,0.3951550387596899,0.4065040650406504,0.4006466784244562
RandomOverSampler,RF,0.6301703163017032,0.37329434697855746,0.34146341463414637,0.35656611321168286
RandomOverSampler,KNN,0.6082725060827251,0.3298765432098765,0.3170731707317073,0.3186328377504848
RandomOverSampler,MLP,0.6399026763990268,0.37521962189893876,0.30894308943089427,0.3385281385281385
class_weight,SVM,0.6228710462287105,0.3998071419683962,0.5365853658536585,0.4570696865604928
class_weight,LR,0.6326034063260341,0.40950226244343896,0.5121951219512195,0.45511921458625526
class_weight,RF,0.6618004866180048,0.40404552625647966,0.17073170731707318,0.2332063078972643
