group,model,cv_accuracy_mean,cv_precision_mean,cv_recall_mean,cv_f1_mean
RandomOverSampler,SVM,0.6184358465608466,0.3965236600014103,0.4842105263157895,0.43015598391021587
RandomOverSampler,LR,0.5873346560846561,0.3606832813225025,0.4807017543859649,0.4094484966321572
RandomOverSampler,GB,0.5872685185185186,0.3439302837116585,0.3929824561403508,0.36372678595316316
RandomOverSampler,MLP,0.6164517195767195,0.36027216837162096,0.36140350877192984,0.3557212001659276
RandomOverSampler,RF,0.6196263227513227,0.3527918691689051,0.3157894736842105,0.3264340879882146
RandomOverSampler,KNN,0.624702380952381,0.3604758256879,0.31228070175438594,0.33152004224160425
class_weight,SVM,0.6006944444444445,0.39057008216378625,0.5403508771929825,0.4487006721331648
class_weight,LR,0.5977513227513228,0.3769202527241089,0.5087719298245613,0.4312615353805202
class_weight,RF,0.6488921957671958,0.3708106295722395,0.21403508771929824,0.26432424276983707
