model,cv_accuracy_mean,cv_precision_mean,cv_recall_mean,cv_f1_mean
MLP,0.6165013227513229,0.3454430639879556,0.28771929824561404,0.3079356980627398
GB,0.6499834656084656,0.37217003040532454,0.2350877192982456,0.2854702139542049
RF,0.6531250000000001,0.3545257683492977,0.21403508771929824,0.26349094846981386
LR,0.67078373015873,0.3975456025456025,0.1929824561403509,0.25282077678622855
KNN,0.6446428571428572,0.33608687608687604,0.16842105263157894,0.22021371999325765
SVM,0.689649470899471,0.14333333333333334,0.03508771929824561,0.05484311716195774
