model,test_accuracy,test_precision,test_recall,test_f1
GB,0.7007299270072993,0.5315656565656566,0.23577235772357727,0.32057195076063
MLP,0.6545012165450121,0.3996101364522417,0.2601626016260163,0.3107346759520673
LR,0.7031630170316302,0.5533769063180828,0.17886178861788618,0.2657471264367816
RF,0.6642335766423358,0.3896296296296296,0.1869918699186992,0.2514980311590481
KNN,0.6496350364963503,0.3192444025665186,0.15447154471544713,0.20747126436781613
SVM,0.6958637469586376,0.14285714285714285,0.024390243902439022,0.041666666666666664
